Rua das Maravilhas,
Avenida dos Sonhos,
Travessa das Estrelas,
Praça da Serenidade,
Rua do Arco-Íris,
Alameda das Flores,
Avenida da Harmonia,
Rua da Esperança,
Travessa da Tranquilidade,
Praça do Bem-Estar,
Rua das Lembranças,
Avenida da Alegria,
Alameda da Liberdade,
Rua da Felicidade,
Travessa dos Amigos,
Praça das Emoções,
Rua do Abraço,
Avenida da Inspiração,
Alameda dos Sorrisos,
Rua da Paz Interior,
Travessa da Gratidão,
Praça da Imaginação,
Rua da Sabedoria,
Avenida do Encanto,
Alameda do Contentamento,
Rua da Tranquilidade,
Travessa da Esperança,
Praça da Resiliência,
Rua das Conquistas,
Avenida da Autoconfiança,
Alameda da Empatia,
Rua da Persistência,
Travessa da Autoaceitação,
Praça da Autoexpressão,
Rua da Autovalorização,
Avenida da Autodisciplina,
Alameda da Autenticidade,
Rua da Autossuficiência,
Travessa da Autodescoberta,
Praça da Autotransformação,
Rua das Melodias,
Avenida das Marés,
Travessa das Eternidades,
Praça do Silêncio,
Rua das Miragens,
Alameda das Conexões,
Avenida da Vitalidade,
Rua do Horizonte,
Travessa do Entardecer,
Praça das Reflexões,
Rua da Serendipidade,
Avenida das Possibilidades,
Alameda da Renovação,
Rua da Inspiração,
Travessa da Resiliência,
Praça da Coragem,
Rua das Oportunidades,
Avenida da Superacão,
Alameda da Esperança,
Rua da Transformação,
Travessa da Intuição,
Praça das Descobertas,
Rua da Inovação,
Avenida da Autenticidade,
Alameda da Gratidão,
Rua da Aceitação,
Travessa da Empatia,
Praça da Verdade,
Rua da Compaixão,
Avenida da Resolução,
Alameda da Sabedoria,
Rua da Paciência,
Travessa da Persistência,
Praça da Integridade,
Rua da Generosidade,
Avenida da Evolução,
Alameda da Harmonia,
Rua da Empatia,
Travessa da Consciência,
Praça da Empatia,
Rua da Lucidez,
Avenida das Revelações,
Travessa do Destino,
Praça das Emoções,
Rua da Transcendência,
Alameda da Imaginação,
Avenida da Curiosidade,
Rua do Equilíbrio,
Travessa da Gratidão,
Praça da Compreensão,
Rua da Sabedoria Interior,
Avenida da Inovação,
Alameda da Persistência,
Rua da Esperança,
Travessa da Intuição,
Praça da Autoaceitação,
Rua da Evolução,
Avenida da Autenticidade,
Alameda da Resiliência,
Rua da Empatia,
Travessa da Transformação,
Praça da Serenidade,
Rua do Crescimento,
Avenida da Autodescoberta,
Alameda da Autoconfiança,
Rua da Superacão,
Travessa da Integridade,
Praça da Autotransformação,
Rua da Plenitude,
Avenida da Perseverança,
Alameda da Inspiração,
Rua da Liberdade,
Travessa da Abundância,
Praça da Autovalorização,
Rua do Florecer,
Avenida da Gratidão,
Alameda da Transparência,
Rua da Renovação,
Travessa da Resiliência,
Praça da Esperança,
Rua da Harmonia,
Avenida da Imaginação,
Travessa da Reflexão,
Praça da Coragem,
Rua da Serenidade,
Alameda da Transformação,
Avenida da Intuição,
Rua do Despertar,
Travessa da Autenticidade,
Praça da Empatia,
Rua da Conexão,
Avenida da Exploração,
Alameda da Aceitação,
Rua da Sabedoria,
Travessa da Resiliência,
Praça do Crescimento,
Rua da Inspiração,
Avenida da Autoconfiança,
Alameda da Gratidão,
Rua da Descoberta,
Travessa da Superacão,
Praça da Abundância,
Rua da Autodescoberta,
Avenida da Generosidade,
Alameda da Paciência,
Rua da Resiliência,
Travessa da Transformação,
Praça da Evolução,
Rua da Empatia,
Avenida do Autoconhecimento,
Alameda da Compaixão,
Rua da Liberdade,
Travessa da Verdade,
Praça da Esperança,
Rua da Autotransformação,
Avenida da Perseverança,
Alameda da Serenidade,
Rua da Confiança,
Travessa da Inspiracão,
Praça da Alegria,
Rua da Jornada,
Avenida da Esperança,
Travessa da Autodescoberta,
Praça da Serenidade,
Rua da Transformação,
Alameda da Gratidão,
Avenida da Imaginação,
Rua do Equilíbrio,
Travessa da Coragem,
Praça da Reflexão,
Rua da Resiliência,
Avenida da Empatia,
Alameda da Aceitação,
Rua da Inspiração,
Travessa da Autenticidade,
Praça da Sabedoria,
Rua da Conexão,
Avenida da Evolução,
Alameda da Intuição,
Rua da Liberdade,
Travessa da Superação,
Praça da Alegria,
Rua da Transformação,
Avenida da Generosidade,
Alameda da Serenidade,
Rua da Resiliência,
Travessa da Perseverança,
Praça da Compaixão,
Rua da Autotransformação,
Avenida da Autoconfiança,
Alameda da Esperança,
Rua da Autenticidade,
Travessa da Inspiração,
Praça da Verdade,
Rua da Harmonia,
Avenida da Autodescoberta,
Alameda da Empatia,
Rua da Tranquilidade,
Travessa da Intuição,
Praça da Expressão,
Rua da Exploração,
Avenida da Autoaceitação,
Travessa da Esperança,
Praça da Sabedoria,
Rua da Serenidade,
Alameda da Transformação,
Avenida da Intuição,
Rua da Conexão,
Travessa da Evolução,
Praça da Autenticidade,
Rua da Gratidão,
Avenida da Coragem,
Alameda da Inspiração,
Rua da Perseverança,
Travessa da Empatia,
Praça da Renovação,
Rua da Reflexão,
Avenida da Liberdade,
Alameda da Generosidade,
Rua da Autotransformação,
Travessa da Serenidade,
Praça da Transformação,
Rua da Resiliência,
Avenida da Compaixão,
Alameda da Verdade,
Rua da Descoberta,
Travessa da Esperança,
Praça da Autossuficiência,
Rua da Alegria,
Avenida da Paciência,
Alameda da Empatia,
Rua da Aceitação,
Travessa da Inovação,
Praça da Superação,
Rua da Evolução,
Avenida da Criatividade,
Alameda da Confiança,
Rua da Autenticidade,
Travessa da Serenidade,
Praça da Transcendência