São Paulo,
Rio de Janeiro,
Salvador,
Brasília,
Belo Horizonte,
Fortaleza,
Curitiba,
Manaus,
Recife,
Belém,
Porto Alegre,
Goiânia,
Guarulhos,
Campinas,
São Luís,
São Gonçalo,
Maceió,
Duque de Caxias,
Natal,
Campo Grande,
Teresina,
Osasco,
Cuiabá,
João Pessoa,
Santo André,
Jaboatão dos Guararapes,
Uberlândia,
Contagem,
Sorocaba,
Ribeirão Preto,
São José dos Campos,
Aracaju,
Feira de Santana,
Londrina,
Juiz de Fora,
Niterói,
Ananindeua,
Belford Roxo,
Joinville,
Caxias do Sul,
Aparecida de Goiânia,
Campos dos Goytacazes,
Osasco,
Carapicuíba,
Olinda,
São José do Rio Preto,
Campina Grande,
Piracicaba,
Macapá,
Itaquaquecetuba,
Vitória,
Florianópolis,
Santos,
São Bernardo do Campo,
Osasco,
Santo André,
Mogi das Cruzes,
São José dos Campos,
São José do Rio Preto,
Campinas,
Piracicaba,
Jundiaí,
São Carlos,
Sorocaba,
Bauru,
Ribeirão Preto,
Franca,
Araçatuba,
Presidente Prudente,
Marília,
Rio Claro,
Limeira,
Americana,
Santa Bárbara d'Oeste,
Sumaré,
Paulínia,
Hortolândia,
Indaiatuba,
Itu,
Pirassununga,
Araraquara,
São Vicente,
Praia Grande,
Mongaguá,
Itanhaém,
Peruíbe,
Ilhabela,
Caraguatatuba,
Ubatuba,
São Sebastião,
Campos do Jordão,
Taubaté,
Guaratinguetá,
Lorena,
Jacareí,
Pindamonhangaba,
Mogi Guaçu,
Itapira,
Amparo,
Jaguariúna,
Barretos,
Barueri,
Itapevi,
Santana de Parnaíba,
Taboão da Serra,
Embu das Artes,
Itapecerica da Serra,
Franco da Rocha,
Itaquaquecetuba,
Suzano,
Poá,
Ferraz de Vasconcelos,
Mauá,
Diadema,
Ribeirão Pires,
Rio Grande da Serra,
Embu-Guaçu,
Cotia,
Vargem Grande Paulista,
Itapeva,
Tatuí,
Ituverava,
São João da Boa Vista,
Batatais,
São Carlos,
Araras,
Limeira,
Tietê,
Lins,
Ourinhos,
Tupã,
Assis,
Marília,
Garça,
Presidente Prudente,
Dracena,
Adamantina,
Birigui,
Penápolis,
Catanduva,
São José do Rio Preto,
Mirassol,
Olímpia,
Fernandópolis,
Votuporanga,
Bebedouro,
São Sebastião do Paraíso,
Alfenas,
Passos,
Varginha,
Uberaba,
Araxá,
Patos de Minas,
Ituiutaba,
Ipatinga,
Governador Valadares,
Teófilo Otoni,
Montes Claros,
Pirapora,
Unaí,
Paracatu,
Uberlândia,
Patrocínio,
Divinópolis,
Formiga,
Passos,
Poços de Caldas,
Pouso Alegre,
Varginha,
Lavras,
Três Corações,
Juiz de Fora,
Santos Dumont,
Muriaé,
Cataguases,
Leopoldina,
Ubá,
Viçosa,
Ponte Nova,
Caratinga,
Coronel Fabriciano,
Timóteo,
Itabira,
Ouro Preto,
Mariana,
São João del Rei,
Lavras,
Barbacena,
Conselheiro Lafaiete,
São João Nepomuceno,
Além Paraíba,
Bom Despacho,
Pará de Minas,
Divinópolis,
Santa Luzia,
Ibirité,
Contagem,
Betim,
Ribeirão das Neves,
Santa Bárbara,
Sabará,
Nova Lima,
Brumadinho,
Sete Lagoas,
Curvelo,
Diamantina,
Araçuaí,
Januária,
Salinas,
Espinosa,
Monte Azul,
Janaúba,
Porteirinha,
Montes Claros,
Bocaiúva,
São Francisco,
Pirapora,
Patos de Minas,
Patrocínio,
Coromandel,
Araguari,
Ituiutaba,
Uberlândia,
Frutal,
Iturama,
Iturama,
Santa Vitória,
São Gotardo,
Araxá,
Sacramento,
Uberaba,
Delta,
Perdizes,
Patrocínio,
São Gotardo,
Araguari,
Iturama,
Paracatu,
Unaí,
Cristalina,
Luziânia,
Anápolis,
Goiânia,
Aparecida de Goiânia,
Trindade,
Formosa,
Planaltina,
Brasília,
Sobradinho,
Gama,
Valparaíso de Goiás,
Novo Gama,
Luziânia,
Cristalina,
Ipameri,
Catalão,
Caldas Novas,
Morrinhos,
Itumbiara,
Jataí,
Rio Verde,
Mineiros,
Santa Helena de Goiás,
Quirinópolis,
Chapadão do Céu,
Iporá,
Porangatu,
Uruaçu,
Goianésia,
Niquelândia,
Ceres,
Anápolis,
Pirenópolis,
Jaraguá,
Goiânia,
Aparecida de Goiânia,
Trindade,
Inhumas,
Anicuns,
Itaberaí,
Goianira,
Nerópolis,
Bela Vista de Goiás,
Senador Canedo,
Hidrolândia,
Abadia de Goiás,
Silvânia,
Leopoldo de Bulhões,
Alexânia,
Corumbá de Goiás,
Pirenópolis,
Goiás,
São Luís de Montes Belos,
Mozarlândia,
Aragarças,
Cidade de Goiás,
Jussara,
Rubiataba,
São Miguel do Araguaia,
Itapuranga