Lucas,
Pedro,
João,
Gabriel,
Matheus,
Rafael,
André,
Felipe,
Guilherme,
Leonardo,
Eduardo,
Henrique,
Thiago,
Alexandre,
Victor,
Marcelo,
Gustavo,
Daniel,
Arthur,
Igor,
Luis,
Roberto,
Antônio,
Márcio,
Samuel,
Renato,
Raul,
Bruno,
Miguel,
Enzo,
Theo,
Fernando,
Ricardo,
Carlos,
Allan,
Joaquim,
Benjamim,
Diogo,
Fabrício,
Gerson,
Kevin,
Lucca,
Marco,
Nelson,
Óscar,
Silas,
Tomás,
Ulysses,
Valentim,
Washington,
Abel,
Baltasar,
Casimiro,
Dário,
Adriel,
Bento,
Caio,
Érico,
Gael,
Ígor,
Marcelino,
Natanael,
Ôscar,
Sílvio,
Thales,
Valentin,
Wilton,
Zacarias,
Abner,
Davi,
Abelardo,
Benício,
Djalma,
Édison,
Flávio,
Geraldo,
Júnior,
Kelvin,
Mauro,
Norberto,
Óliver,
Ronaldo,
Sérgio,
Teodoro,
Víctor,
Wilson,
Xande,
Yves,
Zayn,
Aécio,
Bartolomeu,
Cláudio,
Damião,
Adriano,
Cássio,
Dênis,
Elias,
Fábio,
Hugo,
Ítalo,
Jefferson,
Klaus,
Leandro,
Nícolas,
Saulo,
Tadeu,
Vinícius,
Waldir,
Yuri,
Augusto,
Benjamin,
Cauã,
Diego,
Álvaro,
Cristiano,
Dante,
Enrico,
Fabiano,
Heitor,
Ícaro,
Jonas,
Kauê,
Nuno,
Otávio,
Paulo,
Quirino,
Rodrigo,
Ulisses,
Vicente,
William,
Xavier,
Yago,
Zayd,
Alan,
Bernardo,
Calebe,
Danilo