Silva,
Oliveira,
Souza,
Costa,
Rodrigues,
Martins,
Ferreira,
Carvalho,
Gomes,
Nunes,
Ribeiro,
Reis,
Barbosa,
Siqueira,
Torres,
Araújo,
Batista,
Cardoso,
Oliveira,
Rodrigues,
Costa,
Ferreira,
Alves,
Nunes,
Carvalho,
Fernandes,
Gonçalves,
Ramos,
Monteiro,
Andrade,
Carneiro,
Teixeira,
Pinto,
Neves,
Matos,
Pinheiro,
Peixoto,
Caldeira,
Cardoso,
Costa,
Machado,
Lopes,
Marinho,
Ribeiro,
Melo,
Moreira,
Gouveia,
Valente,
Correia,
Miranda,
Soares,
Morais,
Diniz,
Aguiar,
Rangel,
Vasconcelos,
Gomes,
Mendonça,
Brito,
Lemos,
Melo,
Drummond,
Faria,
Rangel,
Costa,
Ribeiro,
Cardoso,
Marinho,
Freitas,
Fonseca,
Caldeira,
Torres,
Carvalho,
Xavier,
Peixoto,
Valente,
Matos,
Lopes,
Aguiar,
Andrade,
Avelar,
Oliveira,
Souza,
Goulart,
Novais,
Cortês,
Ferreira,
Vieira,
Lobo,
Serra,
Ramalho,
Pinto,
Maia,
Silveira,
Camacho,
Fonseca,
Miranda,
Nogueira,
Carvalho,
Sá,
Siqueira,
Lemos,
Rangel,
Câmara,
Nascimento,
Cardoso,
Avelar,
Teixeira,
Ribeiro,
Farias,
Costa,
Alves,
Duarte,
Dias,
Rodrigues,
Oliveira,
Soares,
Cavalcanti,
Ferreira,
Nunes,
Andrade,
Martins,
Gomes,
Carvalho,
Viana,
Fonseca,
Torres,
Peixoto,
Melo,
Marinho,
Pimenta,
Araújo,
Matos,
Lopes,
Nogueira,
Siqueira,
Costa,
Carvalho,
Ribeiro,
Xavier,
Pinto,
Andrade,
Guedes,
Barros,
Cunha,
Amaral,
Pontes,
Azevedo,
Castro,
Santos,
Almeida,
Lima,
Marques,
Rezende,
Medeiros,
Mendes,
Fagundes,
Moraes,
Rios,
Pires,
Pacheco,
Rocha,
Sampaio,
Figueiredo,
Leal,
Pereira